id,last_modified,code,name,description,poi_type,lat,lon,address_complete,related_url,contact_email,contact_phone
100,10/3/2023,,"Forca Canapine, inizio percorso E1 Lazio Nord",Incrocio tra SP477 (PG) e SP64 (AP),crossroads,42.74875,13.19879,SP477 Umbria/SP64 Marche  Arquata del Tronto 63096 Ascoli Piceno ,,,
101,10/3/2023,,Forca dei Pantani,Punto panoramico Pantani di Accumoli,"natural-saddle,viewpoint",42.73195,13.18935,  Accumoli 02011 Rieti ,,,
102,10/3/2023,,Forca dei Copelli,"Bivio a destra Terracino, a sinistra Accumoli","crossroads,viewpoint,natural-saddle",42.72289,13.19177,  Accumoli 02011 Rieti ,,,
103,10/3/2023,,Fonte Copelli,Fontanile con casetta e punto sosta,fountain,42.71934,13.19286,  Accumoli 02011 Rieti ,,,
104,10/3/2023,,Agriturismo Alta Montagna Bio,"Agriturismo Alloggio, bungalow per campeggio","b-and-b,camping",42.70330,13.23248,Madonna delle Coste 2 Accumoli  02011 Rieti ,https://www.altamontagnabio.it,,+39 3475133299
105,10/3/2023,,Chiesa della Madonna delle Coste,Chiesetta transennata per sisma,religion,42.70242,13.23400,  Accumoli  02011 Rieti ,,,
106,10/3/2023,,Agricamper Il Casale,Area di sosta Camper di Accumoli,camping,42.70106,13.23925,  Accumoli 02011 Rieti ,,,+39 3477139451
107,10/3/2023,,Accumoli,"Borgo dei Monti della Laga, SAE",village,42.69864,13.24280,  Accumoli 02012 Rieti ,,,
108,10/3/2023,,Forca di Presta,Inizio percorso E1variante nelle Marche,"natural-saddle,viewpoint",42.79015,13.26039,  Arquata del Tronto 63096 Ascoli Piceno ,,,
109,10/3/2023,,Fonte Cappella,Fonte ,fountain,42.79035,13.27026,  Arquata del Tronto 63096 Ascoli Piceno ,,,
110,10/3/2023,,Fonte delle Sicinere,Fonte nel bosco,fountain,42.80678,13.28767,  Arquata del Tronto 63096 Ascoli Piceno ,,,
111,10/3/2023,,Pretare,Borgo dei Monti della Laga,paese,42.79818,13.30096,  Arquata del Tronto 63096 Ascoli Piceno ,,,
112,10/3/2023,,"Pretare, Rifugio degli Alpini","Ristorante, Bar","ristorante,bar",42.79639,13.29978,Strada Provinciale 89 72 Arquata del Tronto 63096 Ascoli Piceno ,,,+39 3470875331
113,10/3/2023,,Ristorante da Cavallo di Ferrara C.,"Ristorante, Bar","ristorante,bar",42.79680,13.30167,Via Subappennina 129 Arquata del Tronto 63096 Ascoli Piceno ,,,+39 0736804689
114,10/3/2023,,Piedilama,Borgo dei Monti della Laga,paese,42.78977,13.30092,SP 89  Arquata del Tronto 63096 Ascoli Piceno ,,,
115,10/3/2023,,Chiesa della Madonna della Pace,Chiesa di Piedilama,religion,42.79005,13.30103,SP 89  Arquata del Tronto 63096 Ascoli Piceno Piedilama,,,
116,10/3/2023,,Arquata del Tronto,Borgo dei Monti della Laga,paese,42.77461,13.29642,Via Bucciarelli  Arquata del Tronto 63096 Ascoli Piceno ,,,
117,10/3/2023,,Bar Ciccio,Bar,bar,42.77425,13.29838,  Arquata del Tronto 63096 Ascoli Piceno ,,,+39 3333269594
118,10/3/2023,,Azienda vinicola,Azienda,"shop-farm,winery-and-wine-tasting",42.77501,13.29983,Via Bucciarelli 15 Arquata del Tronto 63096 Ascoli Piceno ,,,
119,10/3/2023,,Free Camp,Campeggio libero,camping,42.77512,13.29920,  Arquata del Tronto 63096 Ascoli Piceno ,,,
120,10/3/2023,,Centro Polivalente Agorà,Alloggio,locanda,42.77703,13.29513,SP 89  Arquata del Tronto 63096 Ascoli Piceno ,,,+39 3493704083
121,10/3/2023,,Comune di Arquata del Tronto,Sede Comunale Arquata del Tronto,amenity-townhall,42.77761,13.29416,  Arquata del Tronto 63096 Ascoli Piceno ,https://www.comune.arquatadeltronto.ap.it/,,+39 0736809122
122,10/3/2023,,Camartina,Borgo dei Monti della Laga,paese,42.77653,13.28937,  Arquata del Tronto 63096 Ascoli Piceno ,,,
123,10/3/2023,,Hotel Camartina,Hotel Camartina,hotel,42.77655,13.28929,  Arquata del Tronto 63096 Ascoli Piceno ,,,
124,10/3/2023,,Pescara del Tronto,Borgo dei Monti della Laga,paese,42.75059,13.27030,  Arquata del Tronto 63096 Ascoli Piceno ,,,
125,10/3/2023,,Tufo,Borgo dei Monti della Laga,paese,42.73536,13.25238,  Arquata del Tronto 63096 Ascoli Piceno ,,,
126,10/3/2023,,Chiesa della Santissima Annunziata a Tufo,Chiesa,religion,42.73536,13.25238,  Arquata del Tronto 63096 Ascoli Piceno ,,,
127,10/3/2023,,Fonte Martina,Fonte,fountain,42.72496,13.23574,  Accumoli 02011 Rieti ,,,
128,10/3/2023,,Fonte Crocetta,Fonte,fountain,42.70863,13.22606,  Accumoli 2011 Rieti ,,,
129,10/3/2023,,Fonte Cupo,Fonte,fountain,42.70508,13.23208,  Accumoli 02011 Rieti ,,,
130,10/3/2023,,Agriturismo Le Mole 2,"Alloggio e bungalow, laghetto pesca sportiva","locanda,b-and-b",42.69271,13.24419,  Libertino di Accumoli 02011 Rieti Libertino di Accumoli,,,+39 3497763230
131,10/3/2023,,Libertino,Borgo dei Monti della Laga,paese,42.69266,13.25180,  Libertino 02011 Rieti Libertino,,,
132,10/3/2023,,Poggio Casoli,Borgo dei Monti della Laga,paese,42.69271,13.24419,  Poggio Casoli 02011 Rieti ,,,
133,10/3/2023,,San Tommaso,Borgo dei Monti della Laga,paese,42.68208,13.28520,  San Tommaso 02011 Rieti ,,,
134,10/3/2023,,Collalto,Borgo dei Monti della Laga,paese,42.67653,13.28730,  Amatrice 02011 Rieti ,,,
135,10/3/2023,,Casale,Borgo dei Monti della Laga,paese,42.66921,13.28517,  Amatrice 02011 Rieti ,,,
136,10/3/2023,,San Lorenzo a Flaviano,Borgo dei Monti della Laga,paese,42.66514,13.28696,  Amatrice 02011 Rieti ,,,
137,10/3/2023,,Rocchetta,Borgo dei Monti della Laga,paese,42.65671,13.28750,  Amatrice 02011 Rieti ,,,
138,10/3/2023,,Madonna di Filetta,Santuario della Madonna di Filetta,religion,42.65199,13.27657,  Amatrice 02011 Rieti ,,,
139,10/3/2023,,Cornillo Vecchio,Borgo dei Monti della Laga,paese,42.64961,13.25281,  Amatrice 02011 Rieti ,,,
140,10/3/2023,,La Rinascita ,Ristorante Pizzeria B&B,"b-and-b,ristorante",42.63105,13.29159,Ponte Sommati 10 Amatrice 02012 Rieti ,https://amatricelarinascita.it,,+39 0746825229
141,10/3/2023,,Caseificio storico di Amatrice,Caseificio,shop-farm,42.63079,13.29259,Ponte Sommati  Amatrice 02012 Rieti ,,,
142,10/3/2023,,"Hotel Ristorante ""Il Castagneto""",Hotel Ristorante,"hotel,ristorante",42.62765,13.29409,Via del Castagneto 35 Amatrice 02012 Rieti ,https://hotelilcastagneto.com,,+39 0746825722
143,10/3/2023,,Amatrice,Borgo dei Monti della Laga,paese,42.62790,13.29291,  Amatrice 02012 Rieti ,,,
144,10/3/2023,,Casa della Montagna Sezione CAI di Amatrice,Alloggio (12 posti letto a castello),locanda,42.62717,13.29058,Viale Saturnino Muzii  Amatrice 02012 Rieti ,http://www.caiamatrice.it/tag/casa-della-montagna/,,
145,10/3/2023,,Amatrice Bar Rinascimento,Ristorante Bar,ristorante,42.62790,13.29291,Viale Padre Giovanni Minozzi 2 Amatrice 02012 Rieti ,,,+39 3332730445
146,10/3/2023,,Sede del Comune di Amatrice,Comune di Amatrice sostitutivo sisma,amenity-townhall,42.62624,13.29213,Viale Saturnino Muzii  Amatrice 02012 Rieti ,,,+39 074683081
147,10/3/2023,,PASS Presidio Assist.Socio Sanitaria,Ospedale,"amenity-hospital,pharmacy",42.62662,13.29515,SR 577 15 Amatrice 02012 Rieti ,,,+39 3385770435
148,10/3/2023,,Ristorante Ma Tru ,Ristorante Amatrice Piazza del gusto,ristorante,42.62337,13.30537,Frazione San Cipriano 17 Amatrice 02012 Rieti ,,,+39 3333333550
149,10/3/2023,,Area food Amatrice Bar Ristorante da Patrizia,Area food Amatrice Bar Ristorante ,"bar,ristorante",42.62362,13.30464,Area food San Cipriano  Amatrice 02012 Rieti ,,,+39 3463051912
150,10/3/2023,,"Hotel Bar ""Da Giovannino""",Hotel Bar,"hotel,bar",42.62352,13.30211,Frazione San Cipriano 10 Amatrice 02012 Rieti ,https://www.albergoristorantedagiovanninoamatrice.com/,,+39 0746825354
151,10/3/2023,,Ristorante La Campagnola Albergo Fontana,Ristorante Albergo,hotel,42.62635,13.29737,Villa San Cipriano 18 Amatrice 02012 Rieti ,,,+39 0746825378
152,10/3/2023,,Agriturismo Amatrice di Benni,Agriturismo Hotel 3 stelle,b-and-b,42.62065,13.30917,Frazione San Cipriano 158 Amatrice 02012 Rieti ,http://www.agriturismoamatrice.com/,,+39 0746825193
153,10/3/2023,,Ristorante Bar Bungalow Lo Scoiattolo,Ristorante Bar Bungalow Pesca sportiva,"ristorante,camping,bar",42.62069,13.29068,Via Ponte a tre Occhi 1 Amatrice 02012 Rieti ,http://www.villaggioloscoiattolo.it/content.asp?lingua=ita&content=villaggio,,+39 0746825086
154,10/3/2023,,Campo Amatrice 1,Alloggio,locanda,42.62497,13.29289,SR 260 35 Amatrice 02012 Rieti ,,,
155,10/3/2023,,Ristorante La Laga,Ristorante La Laga,ristorante,42.62548,13.29276,"Strada regionale 260, via Picente  Amatrice 02012 Rieti ",,,+39 3280931047
156,10/3/2023,,Ristorante Al Corso,Ristorante Al Corso,ristorante,42.62649,13.29672,Centro Commerciale Il Corso  Amatrice 02012 Rieti ,,,+39 3392763936
157,10/3/2023,,Eremo S. Croce,Eremo,religion,42.63062,13.28167,  Amatrice 02012 Rieti ,,,
158,10/3/2023,,Colli,Borgo dei Monti della Laga,paese,42.62916,13.27334,  Amatrice 02012 Rieti ,,,
159,10/3/2023,,San Benedetto,Borgo dei Monti della Laga,paese,42.62705,13.26462,  Amatrice 02012 Rieti ,,,
160,10/3/2023,,Ponte cinque occhi,Ponte sul lago Scandarello,"viewpoint,highway-bridge",42.62313,13.25005,  Amatrice 02012 Rieti ,,,
161,10/3/2023,,Casale Nibbi,"Caseificio, Azienda agricola",shop-farm,42.62576,13.24428,  Amatrice 02012 Rieti ,,,
162,10/3/2023,,Collegentilesco,Borgo dei Monti della Laga,paese,42.62532,13.22409,  Amatrice 02012 Rieti ,,,
163,10/3/2023,,Torrita,Borgo dei Monti della Laga,paese,42.62000,13.21995,  Amatrice 02012 Rieti ,,,
164,10/3/2023,,Bar Torrita,Bar,bar,42.61860,13.22100,  Amatrice 02012 Rieti ,,,
165,10/3/2023,,Agriturismo Fattoria Santarelli,Agriturismo B&B,b-and-b,42.61731,13.21906,  Amatrice 02012 Rieti ,,,
166,10/3/2023,,Ristorante Pizzeria La Valle,Ristorante Pizzeria,ristorante,42.61834,13.22096,  Amatrice 02012 Rieti ,,,+39 0746818149
167,10/3/2023,,Casali di Sopra,Borgo,paese,42.60691,13.18705,  Amatrice 02012 Rieti ,,,
168,10/3/2023,,Vezzano,Borgo,paese,42.61415,13.15720,  Cittareale 02010 Rieti ,,,
169,10/3/2023,,Agriturismo Lu Ceppe,"Agriturismo a Cupello, periferia di Cittareale","b-and-b,ristorante",42.61942,13.15603,"Cupello, via Gentili 3 Cittareale 02010 Rieti Cupello",https://agriturismoluceppe.it,,+39 0746947085
170,10/3/2023,,Fontanile via del Santuario,Fontanile,fountain,42.61987,13.15690,Via Bucci / via del Santuario  Cittareale 02010 Rieti ,,,
171,10/3/2023,,Cittareale,Paese,paese,42.61790,13.15948,  Cittareale 02010 Rieti ,,,
172,10/3/2023,,Museo dei reperti della villa di Vespasiano,,"museum,museum,historical",42.61790,13.15948,Corso Vittorio Emanuele 16 Cittareale 02010 Rieti ,,,
173,10/3/2023,,La Rocca di Re Manfredi a Cittareale,Castello,"punctual-architectural-element,punctual-architectural-element",42.62019,13.15975,  Cittareale 02010 Rieti ,,,
174,10/3/2023,,Municipio di Cittareale,Municipio,amenity-townhall,42.61762,13.15933,  Cittareale 02010 Rieti ,,,+39 0746947032
175,10/3/2023,,Madonna di Capodacqua,Santuario,religion,42.62125,13.15060,Via del Santuario 10 Cittareale 02010 Rieti ,,,
176,10/3/2023,,Conca,Borgo,paese,42.59784,13.15546,  Cittareale 02010 Rieti ,,,
177,10/3/2023,,Fontanile di Conca,Fontanile con reperti della Villa di Vespasiano,"fountain,historical",42.59732,13.15618,Via Mastrella  Cittareale 02010 Rieti Conca,,,
178,10/3/2023,,Birra Alta Quota Birrificio Artigianale,Birrificio Artigianale,bar,42.59662,13.16316,Località Ricci  Cittareale 02010 Rieti Ricci,http://www.birraaltaquota.it/,,+39 3469803923
179,10/3/2023,,Bar Silvana,Bar,bar,42.59302,13.16316,Località Pallottini 15 Cittareale 02010 Rieti Pallottini,,,+39 0746947092
180,10/3/2023,,Cestoni Olga,Ristorante di cucina tradizionale,ristorante,42.59144,13.15003,Via Savi  20 Cittareale 02010 Rieti Santa Giusta,,,+39 0746947041
181,10/3/2023,,Chiesa di San Lorenzo,Chiesa,religion,42.58272,13.15230,  Cittareale 02010 Rieti ,,,
182,10/3/2023,,Mola Coletta,Antica Mola,"historical,poi",42.57684,13.15463,Via Mola Coletta  Cittareale 02010 Rieti ,,,
183,10/3/2023,,Bar Tabacchi Ieieie,Bar,bar,42.56548,13.14908,Via Salaria 2A Santa Croce 02010 Rieti ,,,+39 0746947035
184,10/3/2023,,Santa Croce,Borgo lungo la vecchia Salaria,paese,42.56473,13.14925,  Santa Croce 02010 Rieti ,,,
185,10/3/2023,,Osteria da Bartasca,Osteria Borgo Santa Croce,"ristorante,bar",42.56473,13.14925,Via Sacco  Santa Croce 02010 Rieti ,,,+39 3349632559
186,10/3/2023,,Ristorante Franchi Agostino ,Ristorante Borgo Santa Croce,ristorante,42.56461,13.14882,Via Salaria 15 Santa Croce 02010 Rieti ,,,+39 0746948059
187,10/3/2023,,Santa Croce Chiesa Cattolica,Chiesa,religion,42.56410,13.14920,Via Salaria Vecchia 29 Santa Croce 02010 Rieti ,,,
188,10/3/2023,,Bacugno,Borgo lungo la vecchia Salaria,paese,42.54733,1313042,Bivio Via Bacugno  Posta 02019 Rieti ,,,
189,10/3/2023,,Trattoria Vacunea,Trattoria,ristorante,42.54728,13.12976,Via Bacugno 9 Posta 02019 Rieti ,,,+39 0746959073
190,10/3/2023,,Agriturismo La Quercia,Agriturismo,b-and-b,42.54464,13.11944,Via Fontarello  Posta 02019 Rieti Fontarello Picciame,http://www.agriturismolaquercia.it/,,+39 0746959192
191,10/3/2023,,Paolucci Mirko Fornaio,Forno,shop-convenience,42.54733,13.12896,  Posta 02019 Rieti ,,,+39 0746959154
192,10/3/2023,,Li Mastari Bar,Bar,bar,42.54705,13.12734,Via Bacugno  Posta 02019 Rieti ,,,
193,10/3/2023,,Ristorante Benny's,Ristorante,ristorante,42.52913,13.10029,Via Salaria 10 Posta 02019 Rieti ,,,+39 0746951134
194,10/3/2023,,Agriturismo Calabrese Domenico,Agriturismo,b-and-b,42.52843,13.09946,Via Salaria  Posta 02019 Rieti ,,,+39 0746959195
195,10/3/2023,,Bar I soliti,Bar,bar,42.52700,13.09875,Via Roma  Posta 02019 Rieti ,,,+39 3278763826
196,10/3/2023,,Agriturismo Dal Poeta,Agriturismo,b-and-b,42.52684,13.09728,Via Favischio 10 Posta 02019 Rieti ,,,+39 0746959747
197,10/3/2023,,Alimentari Anna,Negozio di Alimentari,shop-convenience,42.52638,13.09830,Fontarello 36 Posta 02019 Rieti Fontarello,,,+39 3281694840
198,10/3/2023,,Il Pilota Ristorante,Ristorante,ristorante,42.52576,13.09858,Via Salaria 1 Posta 02019 Rieti ,,,+39 07461873002
199,10/3/2023,,Municipio di Posta,Municipio,amenity-townhall,42.52753,13.09867,Piazza degli Eroi 18 Posta 02019 Rieti ,,,+39 0746951313
200,10/3/2023,,Anime Sante del Purgatorio,Chiesa,religion,42.52408,13.09695,Piazza delle Anime Sante 5 Posta 02019 Rieti ,,,
201,10/3/2023,,Ristorante Il Bagatto dal 1987,Ristorante,ristorante,42.52390,13.09689,Via Roma 50 Posta 02019 Rieti ,,,+39 0746951111
202,10/3/2023,,"Farmacia di Posta, Dott. L'Abbate Giovanni",Farmacia,"pharmacy,pharmacy",42.52357,13.09607,Piazza degli Eroi 9 Posta 02019 Rieti ,,,+39 0746951306
203,10/3/2023,,Supermercato Km Zero,Supermercato,shop-convenience,42.52350,13.09641,Via Roma 22 Posta 02019 Rieti ,,,
204,10/3/2023,,Il Grottino Pizzeria,Pizzeria,ristorante,42.52330,13.09583,Via Roma 19 Posta 02019 Rieti ,,,+39 07461725325
205,10/3/2023,,Agriturismo Il Casale Pica,Agriturismo,b-and-b,42.51979,13.09836,Via Villa Camponeschi 1 Posta 02019 Rieti ,https://ilcasalepica.it/,,+39 3497896258
206,10/3/2023,,Chiesa di San Francesco,Chiesa di San Francesco,religion,42.52446,13.09582,Largo della Merlina 5 Posta 02019 Rieti ,,,
207,10/3/2023,,Casale Valenzano,Agriturismo,b-and-b,42.50223,13.08561,SP64 di Sigillo  Posta 02019 Rieti Sigillo,,,+39 0746959114
208,10/3/2023,,Santa Maria Assunta,Chiesa Cattolica,religion,42.49679,13.08070,Via Sigillo 9 Posta 02019 Rieti Sigillo,,,
209,10/3/2023,,Chiesa di Sant'Egidio Abate,Chiesa Cattolica,religion,42.49578,13.08273,  Posta 02019 Rieti Sigillo,,,
210,10/3/2023,,Cascata Pisciarelli,Cascata,viewpoint,42.49092,13.93990,  Posta 02019 Rieti Sigillo,,,
211,10/3/2023,,Fonte Mastrozza,Fonte,fountain,42.48193,13.05735,  Micigliano 02010 Rieti ,,,
212,10/3/2023,,Le Prata,Parco,natural-park,42.46702,13.05518,  Micigliano 02010 Rieti ,,,
213,10/3/2023,,Fonte Regnola,Fonte,fountain,42.46493,13.05497,  Micigliano 02010 Rieti ,,,
214,10/3/2023,,Chiesa di San Lorenzo,Chiesa,religion,42.45952,13.05414,  Micigliano 02010 Rieti ,,,
215,10/3/2023,,Chiesa Parrocchiale di San Biagio,Chiesa,religion,42.45116,13.05497,Via Guglielmo Oberdan 10 Micigliano 02010 Rieti ,,,
216,10/3/2023,,Mulino di Micigliano,Mulino ristrutturato,museum,42.44878,13.05644,Via Provinciale 4bis Micigliano 02010 Rieti ,,,
217,10/3/2023,,Rifugio Angelo Sebastiani al Terminillo,Rifugio ,rifugio,42.46973,13.01015,SP10 Via Vallonina  Micigliano 02010 Rieti ,http://www.cairieti.it/cairieti/index.php?option=com_content&view=article&id=70&Itemid=68,,+39 3395211171
218,10/3/2023,,Abbazia dei Santi Quirico e Giuditta,"Ristorante e alloggio, verifica disponibilità","locanda,ristorante",42.44337,13.07625,Via Salaria 1A Micigliano 02010 Rieti ,https://lacortecatering.it,,+39 3487457887
219,10/3/2023,,Fosso dei Maiori,Fosso affluente del Velino tra campi coltivati,viewpoint,42.43323,13.03794,  Micigliano 02010 Rieti ,,,
220,10/3/2023,,Agriturismo Villa Janula,Agriturismo,b-and-b,42.40200,13.03608,Strada ville-Ponte  Castel Sant'Angelo 02010 Rieti Ville,,,+39 3201832161
221,10/3/2023,,Pizzeria Da Maria,Pizzeria Ristorante,ristorante,42.39510,13.03017,Canetra Via Salaria  Castel Sant'Angelo 02010 Rieti Canetra,,,+39 0746698588
222,10/3/2023,,Barcollo di Gianluca,Bar,bar,42.39390,13.02794,Via Nazionale 94 Castel Sant'Angelo 02010 Rieti Canetra,,,+39 3713911521
223,10/3/2023,,Allevamento Ittico,Allevamento di trote,shop-farm,42.39396,13.03562,  Castel Sant'Angelo 02010 Rieti Canetra,,,
224,10/3/2023,,Tonino & Fabrizio carni salumi alimentari,"Carni, Salumi e Alimentari",shop-convenience,42.39425,13.03123,Via Salaria km 93 38 Castel Sant'Angelo 02010 Rieti Canetra,,,+39 0746698385
225,10/3/2023,,Farmacia S. Angelo Dott.ssa Elena Grillo,Farmacia,"pharmacy,pharmacy",42.39381,13.03181,Via Nazionale I 36 Castel Sant'Angelo 02010 Rieti Canetra,,,+39 0746698103
226,10/3/2023,,Laghetto di Canetra,Lago,tourist-information,42.39431,13.03028,  Castel Sant'Angelo 02010 Rieti Canetra,,,
227,10/3/2023,,Stazione Ferroviaria Terni L'Aquila Sulmona,Ferrovia Terni L'Aquila Sulmona,train-station,42.39222,13.02893,  Castel Sant'Angelo 02010 Rieti Canetra,,,
228,10/3/2023,,The Big Night,Birreria,bar,42.42195,13.07901,Via Salaria  Antrodoco 02013 Rieti ,,,+39 3496134418
229,10/3/2023,,Andridoco,Appartamento per vacanza in affitto,locanda,42.42129,13.08043,  Antrodoco 02013 Rieti ,,,
230,10/3/2023,,Parco La Rocchetta,Parco ,natural-park,42.41880,13.07913,Via del Castello 102 Antrodoco 02013 Rieti ,,,
231,10/3/2023,,Ostello Il Castagno,Ostello,ostello,42.41793,13.07831,V ia Fossi  15 Antrodoco 02013 Rieti ,,,+39 3738599675
232,10/3/2023,,Chiesa Sant'Agostino,Chiesa Cattolica,religion,42.41755,13.08036,Via del Molino 8 Antrodoco 02013 Rieti ,,,
233,10/3/2023,,Anime Sante,Chiesa Cattolica,religion,42.41779,13.07987,Via del Ponte  Antrodoco 02013 Rieti ,,,
234,10/3/2023,,Porta Sant'Anna,Punto di riferimento storico,historical,42.41709,13.08057,Via del Ponte 4 Antrodoco 02013 Rieti ,,,
235,10/3/2023,,Palazzo Pallini,Albergo,hotel,42.41735,13.07949,Corso Roma  12 Antrodoco 02013 Rieti ,,,+39 3332721930
236,10/3/2023,,Museo della Città Lin Delija - Carlo Cesi,Museo d'arte,museum,42.41690,13.07805,Corso Roma  9 Antrodoco 02013 Rieti ,https://museoantrodoco.it,,+39 0746578185
237,10/3/2023,,Memoriale della battaglia di Antrodoco,Memoriale,historical,42.41615,13.07747,  Antrodoco 02013 Rieti ,,,
238,10/3/2023,,Ristorante Pizzeria Il Vecchio Mulino,Ristorante Pizzeria B&B,"b-and-b,ristorante",42.41702,13.08163,Via Marmorale  29 Antrodoco 02013 Rieti ,,,+39 0746578726
239,10/3/2023,,Antiche Bontà,Pizza da asporto,ristorante,42.41690,13.07865,Corso Roma  31 Antrodoco 02013 Rieti ,,,+39 3393774862
240,10/3/2023,,L'Osteria di Janus,Osteria,"ristorante,bar",42.41688,13.08012,Via Amiterno  70 Antrodoco 02013 Rieti ,,,+39 3317811833
241,10/3/2023,,Farmacia Sant'Anna,Farmacia,"pharmacy,pharmacy",42.41672,13.07822,Corso Roma  13 Antrodoco 02013 Rieti ,,,+39 0746578724
242,10/3/2023,,Panetteria Sant'Anna,Fornaio,shop-convenience,42.41678,13.08154,Bvia Marmorale  31 Antrodoco 02013 Rieti ,,,+39 0746578951
243,10/3/2023,,Bar Velino,Bar,bar,42.41634,13.08114,Via Marmorale  49 Antrodoco 02013 Rieti ,,,+39 3492105054
244,10/3/2023,,Bar Jolly di Fadda Pierluigi,Bar,bar,42.41481,13.08008,Via Marmorale  6 Antrodoco 02013 Rieti ,,,+39 0746580039
245,10/3/2023,,La bottega dei Sapori,Pizzeria,ristorante,42.41563,13.07687,Corso Roma  Antrodoco 02013 Rieti ,,,+39 3347674117
246,10/3/2023,,B&B Il Giardino,B&B,b-and-b,42.41486,13.08407,Viale Regina Margherita  10 Antrodoco 02013 Rieti ,,,+39 3939032745
247,10/3/2023,,Santa Maria Extra Moenia,Chiesa con Battistero,religion,42.41206,13.07370,Via della Stazione  Antrodoco 02013 Rieti ,,,+39 3314762896
248,10/3/2023,,Stazione Antrodoco Borgo Velino,Stazione,train-station,42.41007,13.07081,Via della Stazione  Antrodoco 02013 Rieti ,,,
249,10/3/2023,,Bar Haute Stocchi,Pasticceria,shop-convenience,42.40961,13.07183,Via Salaria  Antrodoco 02013 Rieti ,,,
250,10/3/2023,,Antica Roma,Bar Pizzeria Pasticceria,"bar,ristorante",42.40932,13.06837,  Antrodoco 02013 Rieti ,,,+39 0746578340
251,10/3/2023,,Villa Enrica,Casa vacanze,locanda,42.40857,13.06989,Via San Severo 1 Antrodoco 02013 Rieti ,,,+39 3458729270
252,10/3/2023,,Comune di Borgovelino,Comune,amenity-townhall,42.40723,13.06264,Viale Aldo Moro  69 Borgovelino 02010 Rieti ,,,
253,10/3/2023,,Agriturismo Antichi Sapori,Agriturismo,b-and-b,42.40586,13.06574,  Borgovelino 02010 Rieti ,https://antichisaporiagriturismo.it,,+39 0746586027
254,10/3/2023,,Ufficio Postale Poste Italiane,Poste Italiane,post-office,42.40678,13.06176,Viale Aldo Moro  65 Borgovelino 02010 Rieti ,https://poste.it,,+39 0746578394
255,10/3/2023,,Chiesa di Santa Lucia,Chiesa Cattolica,religion,42.40671,13.06137,Viale Aldo Moro 63 Borgovelino 02010 Rieti ,,,
256,10/3/2023,,Farmacia Sciubba Belisario,Farmacia,"pharmacy,pharmacy",42.40690,13.06045,Via Martin Luther King  7 Borgovelino 02010 Rieti ,https://farmaciasciubba.it,,+39 0746578261
257,10/3/2023,,Vapoforno Nuria Soc. Cooperativa,Vapoforno,shop-convenience,42.40609,13.06013,Viale Aldo Moro  51 Borgovelino 02010 Rieti ,,,+39 0746586691
258,10/3/2023,,Agriturismo Il Gallo d'Oro,Agriturismo,b-and-b,42.40586,13.05957,Largo Giuseppe Garibaldi  2 Castel Sant'Angelo 02010 Rieti Ponte Basso,,,+39 3481492291
259,10/3/2023,,Comune di Borgovelino,Comune,amenity-townhall,42.40582,13.05908,Viale Aldo Moro 1 Borgovelino 02010 Rieti ,,,+39 0746578192
260,10/3/2023,,Torre Civica,Punto di riferimento storico,historical,42.40603,13.05868,Piazza Umberto I  16 Borgovelino 02010 Rieti ,,,
261,10/3/2023,,Sorsi e Morsi,Bistrò,bar,42.40602,13.05844,Piazza Umberto I  9 Borgovelino 02010 Rieti ,,,+39 3914187033
262,10/3/2023,,Il Castoro,Ristorante,ristorante,42.40468,13.05608,Via Gran Sasso  2 Borgovelino 02010 Rieti ,,,+39 0746578150
263,10/3/2023,,Lago di Paterno,Laghetto per pesca e balneazioni,water-lake,42.38236,13.01404,Via dei Laghi  Castel Sant'Angelo 02010 Rieti ,,,
264,10/3/2023,,Quikfriends' Bar,Bar Ristorante,"bar,ristorante",42.38070,13.01758,Via Salaria Statale  4 Castel Sant'Angelo 02010 Rieti Vasche,,,+39 3886189261
265,10/3/2023,,Stazione Ferroviaria Vasche ,Stazione Terni L'Aquila Sulmona,train-station,42.37948,13.01769,Via Salaria Statale  4 Castel Sant'Angelo 02010 Rieti Vasche,,,
266,10/3/2023,,Agriturismo S. Erasmo,Agriturismo,b-and-b,42.37837,13.01940,Via Sant'Erasmo 1 Castel Sant'Angelo 02010 Rieti Vasche,https://agriturismosanterasmo.it,,+39 3389692157
267,10/3/2023,,Ristorante Pizzeria Lago Argentato,Ristorante Pizzeria B&B,"b-and-b,ristorante",42.38014,13.00794,Via Salaria Statale 4 Castel Sant'Angelo 02010 Rieti ,https://lagoargentato.negocio.site,,+39 3245832692
268,10/3/2023,,"Hotel Ristorante ""I tre Orsacchiotti""",Hotel Ristorante,"hotel,ristorante",42.37710,13.00316,Via Salaria Statale 4 Castel Sant'Angelo 02010 Rieti Terme di Cotilia,,,+39 0746603109
269,10/3/2023,,Ristorante Pizzeria Terme di Cotilia,Ristorante Pizzeria B&B,"b-and-b,ristorante",42.37708,13.00011,Via Salaria Statale   4 Castel Sant'Angelo 02010 Rieti Terme di Cotilia,,,
270,10/3/2023,,Complesso Archeologico delle Terme di Tito,Complesso Archeologico Romano,"punctual-architectural-element,punctual-architectural-element",42.38528,13.01408,  Castel Sant'Angelo 02010 Rieti ,,,
271,10/3/2023,,San Giovanni Battista,Chiesa Cattolica,religion,42.38598,13.01048,Via Mar Rosso  5 Castel Sant'Angelo 02010 Rieti Paterno,,,
272,10/3/2023,,Terme di Vespasiano,Complesso Archeologico Romano,"punctual-architectural-element,punctual-architectural-element",42.37699,12.98403,Via Terme di Vespasiano  Cittaducale 02015 Rieti ,https://civitasducalis.altervista.org,,
273,10/3/2023,,Rovine della Chiesa di San Vittorino,Chiesa sotto cui scorre un torrente,religion,42.37630,12.98863,Via Salaria Statale  4 Cittaducale 02015 Rieti ,,,
274,10/3/2023,,Caffè Zero,Bar,bar,42.37735,12.97444,Via Salaria Statale 5 Cittaducale 02015 Rieti Caporio,https://caffezero.com,,+39 0746602167
275,10/3/2023,,Bar Roberto,Bar,bar,42.37806,12.97370,Via Salaria Statale 6 Cittaducale 02015 Rieti Caporio,,,
276,10/3/2023,,"Albergo Trattoria Bar ""Da Baffo""",Albergo Trattoria Bar,"hotel,ristorante,bar",42.37806,12.97297,Via Salaria Statale  5 Cittaducale 02015 Rieti Caporio,,,+39 3451623155
277,10/3/2023,,"Ristorante ""La Tagliata"" ",Ristorante,ristorante,42.38227,12.95877,Viale Duca degli Abruzzi 28 Cittaducale 02015 Rieti ,,,+39 3409842271
278,10/3/2023,,B&B Da Artù,B&B,b-and-b,42.38724,12.95685,Via Monviso 7 Cittaducale 02015 Rieti ,,,+39 3393647785
279,10/3/2023,,"Bar Pasticceria ""Il Ducale""",Bar Pasticceria,bar,42.38821,12.95355,Viale Duca degli Abruzzi 1 Cittaducale 02015 Rieti ,,,+39 0746605023
280,10/3/2023,,Torre Angioina,Torre e arco ingresso a Cittaducale,"punctual-architectural-element,punctual-architectural-element",42.38850,12.95207,Largo Fuori Porta Napoli 1 Cittaducale 02015 Rieti ,,,
281,10/3/2023,,Pizzeria La Torre,Pizzeria,ristorante,42.38827,12.95212,Corso Giuseppe Mazzini 1 Cittaducale 02015 Rieti ,,,+39 0746601140
282,10/3/2023,,Farmacia Domenici Francesca,Farmacia,"pharmacy,pharmacy",42.38847,12.95132,Via Duca Roberto 1 Cittaducale 02015 Rieti ,,,+39 0746602132
283,10/3/2023,,Pasta da Leoni,Ristorante Italiano,ristorante,42.38787,12.95084,Corso Giuseppe Mazzini  47 Cittaducale 02015 Rieti ,,,+39 3342829291
284,10/3/2023,,Chiesa di Santa Cecilia,Chiesa Cattolica,religion,42.38801,12.95021,Via Duca Roberto 32 Cittaducale 02015 Rieti ,,,
285,10/3/2023,,Chiesa Parrocchiale di Santa Maria del Popolo,Chiesa Cattolica,religion,42.38749,12.94991,Corso Giuseppe Mazzini  56 Cittaducale 02015 Rieti ,,,+39 0746606161
286,10/3/2023,,Poste Italiane,Poste Italiane,post-office,42.38705,12.95064,Viale G. Matteotti  Cittaducale 02015 Rieti ,,,+39 0746602969
287,10/3/2023,,Palazzo Dragonetti De Torres,Attrazione turistica,poi,42.38752,12.94991,Corso Giuseppe Mazzini 56 Cittaducale 02015 Rieti ,https://cittaducaleturismo.it,,
288,10/3/2023,,Torre Civica,Punto di riferimento storico,historical,42.38697,12.94865,Piazza del Popolo  19A Cittaducale 02015 Rieti ,,,
289,10/3/2023,,Fontana di Piazza del Popolo,Punto di riferimento storico,historical,42.38697,12.94827,Piazza del Popolo  Cittaducale 02015 Rieti ,,,
290,10/3/2023,,Chiesa di Sant'Agostino,Chiesa Cattolica,religion,42.38721,12.94836,Via Duca Roberto  80 Cittaducale 02015 Rieti ,,,
291,10/3/2023,,L'Elfo Ubriaco,Pub Irlandese,bar,42.38722,12.94790,Via Vittorio Veneto  7 Cittaducale 02015 Rieti ,,,+39 3662004196
292,10/3/2023,,Hotel Locanda Locatori,Hotel,hotel,42.38793,12.94799,Via Nazionale 28 Cittaducale 02015 Rieti ,,,
293,10/3/2023,,Albergo Pace,Albergo,hotel,42.38700,12.94792,Via Duca Roberto  88 Cittaducale 02015 Rieti ,,,+39 0746602127
294,10/3/2023,,Comune di Cittaducale,Comune,amenity-townhall,42.38647,12.94781,Corso Giuseppe Mazzini 111 Cittaducale 02015 Rieti ,,,+39 074660801
295,10/3/2023,,Monastero di Santa Caterina d'Alessandria,Monastero Suore Benedettine,religion,42.38524,12.94825,Piazza Marchese 8 Cittaducale 02015 Rieti ,,,+39 0746602106
296,10/3/2023,,Chiesa di Santa Maria dei Raccomandati,Chiesa Cattolica,religion,42.38674,12.95020,Viale G. Matteotti  Cittaducale 02015 Rieti ,https://cittaducaleturismo.it,,
297,10/3/2023,,Pizzeria Il Villaggio,Pizzeria,ristorante,42.38639,12.94947,Via Cotilia 7 Cittaducale 02015 Rieti ,,,+39 0746602748
298,10/3/2023,,Panetteria,Fornaio,shop-convenience,42.38611,12.94896,Via Francesco Senese  Cittaducale 02015 Rieti ,,,
299,10/3/2023,,Santa Maria delle Grazie,Santuario Cattolico,religion,42.38684,12.94550,Corso Giuseppe Mazzini 194 Cittaducale 02015 Rieti ,,,
300,10/3/2023,,Chiesa di Santa Maria di Sesto,Antichissima chiesetta,"religion,historical",42.38854,12.94222,Via Salaria Strada Statale 4 Cittaducale 02015 Rieti ,,,
301,10/3/2023,,Stazione ferroviaria Cittaducale,Stazione Ferroviaria,train-station,42.38792,12.94293,Via Salaria Strada Statale 4 Cittaducale 02015 Rieti ,,,
302,10/3/2023,,B&B Il Picchio Verde,B&B,b-and-b,42.38177,12.94559,Via Mezzanola 2 Cittaducale 02015 Rieti ,,,+39 3409427426
303,10/3/2023,,Centrale Elettrica di Cotilia,Centrale Elettrica,poi,42.37305,12.96847,Via Villaggio Cotilia 118 Cittaducale 02015 Rieti Caporio,,,
304,10/3/2023,,Sorgenti del Peschiera,"Sorgente in grotta, non visitabile",natural-spring,42.36559,13.00428,Via Case Sparse  Cittaducale 02015 Rieti ,,,
305,10/3/2023,,Mola Scorretti,Attrazione turistica,poi,42.36419,12.99951,Via Case Sparse 11 Cittaducale 02015 Rieti ,,,
306,10/3/2023,,Chiesa di San Silvestro Papa,Chiesa Cattolica,religion,42.36106,13.00024,Via Pendenza 16 Cittaducale 02015 Rieti Micciani,,,
307,10/3/2023,,Casali Giovannini,Alloggio,locanda,42.35305,13.00166,SP22 33 Cittaducale 02015 Rieti ,,,
308,10/3/2023,,Chiesa di San Cipriano,Chiesa Cattolica,religion,42.36046,13.01154,  Pendenza 02015 Rieti ,,,
309,10/3/2023,,Chiesa di San Rocco,Chiesa Cattolica,religion,42.36019,13.01298,  Pendenza 02015 Rieti ,,,
310,10/3/2023,,Oratorio di Sant'Antonio da Padova,Cappella,religion,42.34712,13.02396,Casali Natali SP22  Cittaducale 02015 Rieti Casali Natali,,,
311,10/3/2023,,Casa Bianca,Hotel Resort,hotel,42.34455,13.02934,Casali Natali SP22  Cittaducale 02015 Rieti Casali Natali,,,
312,10/3/2023,,Chiesa Santa Maria,Chiesa Cattolica,religion,42.32927,13.02619,Via Cecilia 25 Petrella Salto 02025 Rieti Capradosso,,,
313,10/3/2023,,Food Here,Ristorante aperto 24 ore su 24,ristorante,42.31962,13.09811,  Petrella Salto 02025 Rieti ,,,+39 3509681405
314,10/3/2023,,Casali Antonetti ,Alloggio,locanda,42.32037,13.03433,SP22  Petrella Salto 02025 Rieti ,,,
315,10/3/2023,,Casali Petrangeli,Alloggio,locanda,42.30687,13.04892,SP22  Petrella Salto 02025 Rieti ,,,
316,10/3/2023,,Casale Manili,Alloggio,locanda,42.30198,13.04531,  Petrella Salto 02025 Rieti ,,,
317,10/3/2023,,Casale Lupa del Lago,Alloggio,locanda,42.29804,13.03184,"Vocabolo, Via San Lorenzo  Petrella Salto 02025 Rieti ",https://www.lupadellago.net/,,+39 3937004069
318,10/3/2023,,Rocca di Beatrice Cenci,"Rocca e rovine del Castello, Punto Panoramico","viewpoint,historical,punctual-architectural-element",42.29646,13.06880,In cima alla Rocca  Petrella Salto 02025 Rieti ,,,
319,10/3/2023,,Tomassetti Alfonso,"Alimentari, acquisti in negozio",shop-convenience,42.29646,13.06708,Via Roma  19 Petrella Salto 02025 Rieti ,,,+39 0746521000
320,10/3/2023,,Chiesa di Maria Santissima Annunziata,Chiesa Cattolica,religion,42.29556,13.06784,Via della Chiesa 4 Petrella Salto 02025 Rieti ,,,
321,10/3/2023,,Chiesa di S.Andrea Apostolo,Chiesa Cattolica,religion,42.29465,13.06847,Via XX Settembre 3 Petrella Salto 02025 Rieti ,,,
322,10/3/2023,,Alimentari Latteria,Negozio di alimentari,shop-convenience,42.29554,13.06753,Via XX Settembre  Petrella Salto 02025 Rieti ,,,
323,10/3/2023,,Pro Loco di Petrella Salto,Pro Loco,tourist-information,42.29503,13.06869,Via Rocca Cenci  1 Petrella Salto 02025 Rieti ,https://prolocopetrellasalto.it,,+39 0746521081
324,10/3/2023,,Ufficio Postale di Petrella Salto,Ufficio Postale,post-office,42.29460,13.06913,Via Kennedy 2 Petrella Salto 02025 Rieti ,,,
325,10/3/2023,,Carabinieri Comando Stazione Nucleo Forestale,Carabinieri Forestale,foresteria,42.29475,13.07103,Via J.F.Kennedy 19 Petrella Salto 02025 Rieti ,,,+39 0746521375
326,10/3/2023,,Mastroiaco Luana,Negozio di alimentari,shop-convenience,42.29427,13.06814,Via San Rocco 2 Petrella Salto 02025 Rieti ,,,+39 0746521352
327,10/3/2023,,Municipio di Petrella Salto,Municipio,amenity-townhall,42.29402,13.06835,Via Giuseppe Maoli 19 Petrella Salto 02025 Rieti ,http://www.comune.petrellasalto.ri.it/,,+39 0746521021
328,10/3/2023,,La Locanda di Beatrice Cenci,Alloggi al coperto,locanda,42.29402,13.06803,Via Giuseppe Maoli  Petrella Salto 02025 Rieti ,,,+39 0746521170
329,10/3/2023,,Farmacia San Rocco Dott. Guido Catanese,Farmacia,"pharmacy,pharmacy",42.29349,13.06696,Via San Rocco  Petrella Salto 02025 Rieti ,,,+39 0746802340
330,10/3/2023,,Santuario Santa Maria Apparì,Santuario,religion,42.29029,13.06643,"Via Santa Maria Apparì, SP22  Petrella Salto 02025 Rieti ",https://santuaritaliani.it/santuario/s-maria-appari/?mode=list,,
331,10/3/2023,,Sofia's Ranch,"ASD, organizza passeggiate a cavallo",poi,42.28217,13.06422,SP 22A  Petrella Salto 02025 Rieti ,https://www.facebook.com/sofiaranch/,,+39 3485714886
332,10/3/2023,,Istituto Santa Filippa Mareri,"Istituto Religioso, Museo storico Valle del Salto","museum,religious-building",42.27314,13.06465,Piazza Santa Filippa 17 Petrella Salto 02025 Rieti Borgo San Pietro,http://www.suorefilippamareri.it/,,+39 0746558134
333,10/3/2023,,Monumento a Santa Filippa Mareri,Monumento,historical,42.27302,13.06454,Piazza Santa Filippa  Petrella Salto 02025 Rieti Borgo San Pietro,,,
334,10/3/2023,,Ufficio Postale Poste Italiane,Poste Italiane,post-office,42.27261,13.06492,Via Giovanni Riccioni 1 Petrella Salto 02025 Rieti Borgo San Pietro,,,+39 0746558292
335,10/3/2023,,Trattoria Da Edoardo,Ristorante Pizzeria,ristorante,42.27196,13.06169,Via Angelo Domenici 11 Petrella Salto 02025 Rieti Borgo San Pietro,,,+39 0746558254
336,10/3/2023,,Ristorante La Terrazza,Ristorante,ristorante,42.27132,13.06131,Via Francesco Silvi 4 Petrella Salto 02025 Rieti Borgo San Pietro,,,+39 3355654610
337,10/3/2023,,Chiesa di Santa Maria delle Grazie,Chiesa Cattolica,religion,42.27114,13.06131,  Petrella Salto 02025 Rieti Borgo San Pietro,,,
338,10/3/2023,,Ristorante Pizzeria Miralago,Ristorante Pizzeria,ristorante,42.27089,13.06115,Via Francesco Silvi 13 Petrella Salto 02025 Rieti Borgo San Pietro,http://www.ristorantemiralago.it/,,+39 0746558062
339,10/3/2023,,Chalet Altobelli Spiaggia,Ristorante,ristorante,42.26924,13.06291,Via G. Dominici 20 Petrella Salto 02025 Rieti Borgo San Pietro,,,+39 0746558088
340,10/3/2023,,Il Piano,Alloggio,locanda,42.27132,13.08369,Via Fiamignano  Petrella Salto 02025 Rieti Borgo San Pietro,,,
341,10/3/2023,,Rocca di Mareri,"Rocca, rovine del Castello, Punto Rif. Storico","punctual-architectural-element,punctual-architectural-element",42.26724,13.08985,Via Fontana  1 Petrella Salto 02025 Rieti Mareri,,,
342,10/3/2023,,Sant'Eutizio,Chiesa Cattolica,religion,42.26620,13.09041,Via Oiano  Petrella Salto 02025 Rieti Mareri,,,
343,10/3/2023,,Santissima Annunziata ,Chiesa Cattolica,religion,42.26658,13.11034,Via Ville  Fiamignano 02023 Rieti Mercato,,,
344,10/3/2023,,Sfreddafacioli di Mario e Rosanna,Ristorante di cucina tradizionale,ristorante,42.26635,13.11177,Via Ville 10 Fiamignano 02023 Rieti Mercato,,,+39 0746522006
345,10/3/2023,,Rocca di Poggio Poponesco,Rocca,"punctual-architectural-element,punctual-architectural-element",42.26877,13.11713,Via Madonna del Poggio 31 Fiamignano 02023 Rieti ,,,
346,10/3/2023,,Chiesa della Madonna del Poggio,Chiesa Cattolica,religion,42.26806,13.11702,Via Madonna del Poggio  Fiamignano 02023 Rieti ,,,
347,10/3/2023,,Bar del Poggio,Bar,bar,42.26474,13.12535,Via Vittorio Veneto 3 Fiamignano 02023 Rieti ,,,
348,10/3/2023,,Installazione Fiamignano,Alloggio,locanda,42.26612,13.12698,Via Madonna del Poggio 1 Fiamignano 02023 Rieti ,,,
349,10/3/2023,,Chiesa Parr.le dei Santi Fabiano e Sebastiano,Chiesa Cattolica,religion,42.26495,13.12605,Via XX Settembre 7 Fiamignano 02023 Rieti ,,,
350,10/3/2023,,Comune di Fiamignano,Comune,amenity-townhall,42.26489,13.12522,Piazza G. D'Annunzio 2 Fiamignano 02023 Rieti ,,,+39 074653017
351,10/3/2023,,Pro Loco di Fiamignano,Pro Loco,tourist-information,42.26636,13.12806,Via Rascino 10 Fiamignano 02023 Rieti ,https://prolocofiamignano.it/rubrica/tradizioni/,,
352,10/3/2023,,Monte La Serra,Punto panoramico,viewpoint,42.27674,13.13122,  Fiamignano 02023 Rieti ,,,
353,10/3/2023,,Chiesetta Alpina,Chiesetta,religion,42.27604,13.14729,Via Rascino  Fiamignano 02023 Rieti ,,,
354,10/3/2023,,Agriturismo La Tracerna di Rascino,Agriturismo,b-and-b,42.34096,13.13860,Pian di Rascino  Fiamignano 02023 Rieti ,,,+39 3485536202
355,10/3/2023,,U'scertu-Altopiano di Rascino,Agriturismo,b-and-b,42.33800,13.14545,Pian di Rascino  Fiamignano 02023 Rieti ,,,+39 07461766673
356,10/3/2023,,Agriturismo Le Antiche Terre,Agriturismo,b-and-b,42.33628,13.14556,Pian di Rascino  Fiamignano 02023 Rieti ,,,+39 3482259926
357,10/3/2023,,Resti di Castello di Rascino,Resti del Castello,"punctual-architectural-element,punctual-architectural-element",42.34378,13.13663,Pian di Rascino  Fiamignano 02023 Rieti ,,,
358,10/3/2023,,Ristorante Il Barone,Ristorante,ristorante,42.26403,13.14541,Via Case Sparse 2 Fiamignano 02023 Rieti Collemazzolino,,,+39 074654777
359,10/3/2023,,B&B Noi parliamo con le pietre,B&B,b-and-b,42.26543,13.15374,Via Corso 15 Fiamignano 02023 Rieti Collemazzolino,http://noiparliamoconlepietre.it/,,+39 3357745721
360,10/3/2023,,Antichi Sapori,Fornaio,shop-convenience,42.26518,13.15945,Via delle Fornaci  Fiamignano 02023 Rieti Santa Lucia,,,+39 3206759683
361,10/3/2023,,Rocca Vecchia,Rovine di Roccarandisi vecchia terremotata,"punctual-architectural-element,punctual-architectural-element",42.24577,13.17132,Via Roccarandisi  Pescorocchiano 02024 Rieti Roccarandisi,,,+39 3206759683
362,10/3/2023,,Supermercato buongiorno Coal,Supermercato,shop-convenience,42.24254,13.18244,Via Castagneta  Pescorocchiano 02024 Rieti Sant'Elpidio,,,+39 074639323
363,10/3/2023,,Bar del Corso,Bar Caffè,bar,42.24214,13.18158,Via Cesare Battisti  Pescorocchiano 02024 Rieti Sant'Elpidio,,,
364,10/3/2023,,Da Pietro,Bar,bar,42.24150,13.18072,Via Cesare Battisti 38 Pescorocchiano 02024 Rieti Sant'Elpidio,,,
365,10/3/2023,,Chiesa Parrocchiale Sant'Elpidio,Chiesa Cattolica,religion,42.24063,13.18021,Piazza Cavour 3 Pescorocchiano 02024 Rieti Sant'Elpidio,http://www.santelpidio.eu/,,+39 074639000
366,10/3/2023,,Ufficio Postale Poste Italiane,Poste Italiane,post-office,42.24060,13.18160,Via Cesare Battisti 31 Pescorocchiano 02024 Rieti Sant'Elpidio,,,+39 074639409
367,10/3/2023,,La Pastarella,Laboratorio di pasticceria,shop-convenience,42.23993,13.18212,Via Cesare Battisti 19 Pescorocchiano 02024 Rieti Sant'Elpidio,,,
368,10/3/2023,,Casa Vacanze Antico Poggio,Appartamenti arredati in montagna,locanda,42.23260,13.17529,Via della Fonte 3 Pescorocchiano 02024 Rieti Poggio S.Giovanni,http://www.anticopoggio.it/,,+39 3472926591
369,10/3/2023,,ASL Rieti Sant'Elpidio,Ambulatorio medico,amenity-hospitalo,42.23237,13.19064,Via Petrignano 12 Pescorocchiano 02024 Rieti ,https://www.asl.rieti.it/organizzazione-aziendale/distretti/uoc-distretto-rieti-antrodoco-selpidio-n-1/nucleo-operativo-cure-primarie-selpidio,,+39 074639601
370,10/3/2023,,San Paolo De Otholis,Chiesa Cattolica Convento di Suore,religion,42.22575,13.20570,Collemaggiore  Borgorose 02028 Rieti Collemaggiore,,,
371,10/3/2023,,Casabbione,Alloggio,locanda,42.22025,13.20341,Via Alessandro Manzoni 7 Borgorose 02021 Rieti Pagliara,,,
372,10/3/2023,,Pagliara Villa Scancella,Alloggio,locanda,42.21927,13.20495,Via Alessandro Manzoni 4 Borgorose 02021 Rieti Pagliara,,,
373,10/3/2023,,Santa Croce,Chiesa Cattolica,religion,42.20827,13.22162,Via dei tre archi 6 Borgorose 02021 Rieti Castelmenardo,,,
374,10/3/2023,,Santo Stefano,Chiesa Cattolica,religious-building,42.20361,13.25441,Via della Chiesa in Santo Stefano 10 Borgorose 02021 Rieti Santo Stefano,,,
375,10/3/2023,,Foresteria,Alloggio,locanda,42.20332,13.25482,Via della Chiesa in Santo Stefano 2 Borgorose 02021 Rieti Santo Stefano,,,
376,10/3/2023,,Mola Martorelli,Uno degli antichi mulini del Monte Frontino,"punctual-architectural-element,punctual-architectural-element",42.20574,13.25278,  Borgorose 02021 Rieti Santo Stefano,,,
377,10/3/2023,,Cunicolo del Monte Frontino,Cunicolo di raccolta acque per mulini,"punctual-architectural-element,punctual-architectural-element",42.20574,13.25278,  Borgorose 02021 Rieti Santo Stefano,,,
378,10/3/2023,,Chiesetta degli Alpini,Chiesa Cattolica,religion,42.20897,13.25033,Via Aquilana  Borgorose 02021 Rieti ,,,
379,10/3/2023,,Torrente Apa,Luogo per passeggiate,poi,42.21418,13.24567,Via Madonna di Malito  Borgorose 02021 Rieti ,,,
380,10/3/2023,,Madonna di Malito,Santuario,religion,42.21941,13.25518,Via Madonna di Malito  Borgorose 02021 Rieti ,,,
381,10/3/2023,,Casale Franchi,Alloggio con uso di cucina,locanda,42.21892,13.25528,Via Madonna di Malito  Borgorose 02021 Rieti ,,,+39 3356859938
382,10/3/2023,,Pizzeria Drago,Pizzeria,ristorante,42.20605,13.26185,Via Santo Stefano 38 Borgorose 02021 Rieti Corvaro,,,+39 3396474204
383,10/3/2023,,Ruderi del Castello di Corvaro,Ruderi del Castello,"punctual-architectural-element,historical",42.20726,13.26644,  Borgorose 02021 Rieti Corvaro,,,
384,10/3/2023,,San Francesco,Chiesa Cattolica,religion,42.20545,13.26628,SP24  Borgorose 02021 Rieti Corvaro,http://www.comuneborgorose.ri.it/voc-corvaro.html,,
385,10/3/2023,,Farmacia Dottori Perondi srl,Farmacia,"pharmacy,pharmacy",42.20379,13.26494,Via dello Sport 17 Borgorose 02021 Rieti Corvaro,,,
386,10/3/2023,,Pizza Al Piatto Da Carrello,Ristorante,ristorante,42.20537,13.26503,SP 24 81 Borgorose 02021 Rieti Corvaro,,,
387,10/3/2023,,Museo Archeologico Cicolano,Museo Archeologico,museum,42.20498,13.26503,Via San Francesco  Borgorose 02021 Rieti Corvaro,http://www.museoarcheologicocicolano.it/,,+39 3427543587
388,10/3/2023,,Museo della Riserva Naturale Montagne della Duchessa,Museo Naturalistico,museum,42.20574,13.26602,Piazza Regina Margherita 4 Borgorose 02021 Rieti Corvaro,,,
389,10/3/2023,,Ristorante La Rocca,Ristorante,ristorante,42.20290,13.26245,Via Cicolana  40 Borgorose 02021 Rieti Corvaro,https://www.facebook.com/larocca.corvaro,,+39 0746306048
390,10/3/2023,,Ristorante La Pergola,Ristorante,ristorante,42.20376,13.26743,Via Colonnello E. Costantini 10 Borgorose 02021 Rieti Corvaro,,,
391,10/3/2023,,Ristorante Peperosa,Ristorante,ristorante,42.20154,13.26865,Via Marsicana 11 Borgorose 02021 Rieti Corvaro,https://www.facebook.com/pepe.rosa.9480111,,+39 3485183141
392,10/3/2023,,Guardia Medica Corvaro,Guardia Medica,amenity-hospitalo,42.20458,13.26611,Via della Medicina 2 Borgorose 02021 Rieti Corvaro,,,
393,10/3/2023,,Anselmi Maria,Agriturismo,b-and-b,42.20434,13.27198,Via Valle Amara 2 Borgorose 02021 Rieti Corvaro,,,+39 0746306545
394,10/3/2023,,Chiesa di San Rocco,Chiesa Cattolica,religion,42.20424,13.27145,Via San Rocco  Borgorose 02021 Rieti Corvaro,,,
395,10/3/2023,,B&B Casalcolle,B&B,b-and-b,42.20626,13.26864,Via XX Settembre 16 Borgorose 02021 Rieti Corvaro,https://bb-casalcolle.business.site/?utm_source=gmb&utm_medium=referral,,+39 3713785365
396,10/3/2023,,Albergo La Duchessa,Albergo,hotel,42.17827,13.27513,Via Marsicana 4 Borgorose 02021 Rieti Corvaro,,,+39 074631107
397,10/3/2023,,Bar Franchi Antonio,Bar,bar,42.19284,13.28117,Via San Francesco Vecchio 31 Borgorose 02021 Rieti ,,,+39 0746306349
398,10/3/2023,,Chiesa di San Francesco Vecchio,Chiesa Cattolica,religion,42.19127,13.28180,Via San Francesco Vecchio 20 Borgorose 02021 Rieti ,,,
399,10/3/2023,,La Casa di Eusebio Di Carlo,Azienda Agricola Biologica Alloggio Turistico,poi,42.16824,13.30900,Via dell'Aia di Cartore  Borgorose 02021 Rieti ,https://alloggio-turistico-di-carlo.business.site/?utm_source=gmb&utm_medium=referral,,+39 3275538917
400,10/3/2023,,Casali di Cartore,Rifugio di Montagna,rifugio,42.16652,13.31097,Casali di Cartore  Borgorose 02021 Rieti ,http://www.casalidicartore.com/,,+39 3489819343
401,10/3/2023,,Chiesa di San Lorenzo,Chiesa Cattolica,religion,42.16604,13.31104,Casali di Cartore  Borgorose 02021 Rieti ,,,
402,10/3/2023,,La Sosta del Brigante,Campeggio,camping,42.16340,13.31459,Via Colle dell'Ara      ,https://camminodeibriganti.it/strutture/,,+39 3408276002